brand,url,host,slug,logo_path,logo_status,logo_source,logo_url,logo_error
001win,https://001win.br.com,001win.br.com,001win,assets/logos/001win.webp,fetched,img,https://001win.br.com/assets/images/001win.png,
0099bet,https://0099betbrasil.com,0099betbrasil.com,0099bet,assets/logos/0099bet.webp,fetched,img,https://0099betbrasil.com/assets/images/0099bet.png,
00bet,https://00bet.br.com,00bet.br.com,00bet,assets/logos/00bet.webp,fetched,img,https://00bet.br.com/assets/images/00bet.png,
010bet,https://010betbrasil.com,010betbrasil.com,010bet,assets/logos/010bet.webp,fetched,img,https://010betbrasil.com/assets/images/010bet.png,
017bet,https://017bet.br.com,017bet.br.com,017bet,assets/logos/017bet.svg,fallback,generated-fallback,,https://017bet.br.com/favicon.ico: <urlopen error [Errno 11001] getaddrinfo failed>
020bet,https://020betbrasil.com,020betbrasil.com,020bet,assets/logos/020bet.webp,fetched,img,https://020betbrasil.com/images/logo.png,
088bet,https://088betbrasil.com,088betbrasil.com,088bet,assets/logos/088bet.webp,fetched,og:image,https://088betbrasil.com/images/088bet.png,
10brl,https://10brlbrasil.com,10brlbrasil.com,10brl,assets/logos/10brl.webp,fetched,img,https://10brlbrasil.com/assets/images/10brl.png,
10win,https://10winbrasil.com,10winbrasil.com,10win,assets/logos/10win.webp,fetched,img,https://10winbrasil.com/assets/images/10win.png,
116bet,https://116betco.com,116betco.com,116bet,assets/logos/116bet.webp,fetched,img,https://116betco.com/assets/images/116bet.png,
11pg,https://11pg.br.com,11pg.br.com,11pg,assets/logos/11pg.webp,fetched,img,https://11pg.br.com/assets/images/11pg.png,
122bet,https://122bet.it.com,122bet.it.com,122bet,assets/logos/122bet.webp,fetched,img,https://122bet.it.com/assets/images/122bet.png,
123game,https://123gamebrasil.com,123gamebrasil.com,123game,assets/logos/123game.webp,fetched,img,https://123gamebrasil.com/assets/images/123game.png,
123vip,https://123vipbrasil.com,123vipbrasil.com,123vip,assets/logos/123vip.webp,fetched,img,https://123vipbrasil.com/assets/images/123vip.png,
124bet,https://124betbrasil.com,124betbrasil.com,124bet,assets/logos/124bet.webp,fetched,og:image,https://124betbrasil.com/images/124bet_logo.png,
125bet,https://125betbrasil.com,125betbrasil.com,125bet,assets/logos/125bet.webp,fetched,img,https://125betbrasil.com/img/logo.webp,
126bet,https://126betbrasil.com,126betbrasil.com,126bet,assets/logos/126bet.webp,fetched,img,https://126betbrasil.com/assets/images/126bet.png,
128bet,https://128betbrasil.com,128betbrasil.com,128bet,assets/logos/128bet.webp,fetched,img,https://128betbrasil.com/assets/images/128bet.png,
129bet,https://129betbrasil.com,129betbrasil.com,129bet,assets/logos/129bet.webp,fetched,img,https://129betbrasil.com/assets/images/129bet.png,
134bet,https://134betbrasil.com,134betbrasil.com,134bet,assets/logos/134bet.webp,fetched,og:image,https://134betbrasil.com/images/134bet.png,
137bet,https://137betbrasil.com,137betbrasil.com,137bet,assets/logos/137bet.webp,fetched,img,https://137betbrasil.com/assets/images/137bet.png,
138bet,https://138betbrasil.com,138betbrasil.com,138bet,assets/logos/138bet.webp,fetched,img,https://138betbrasil.com/assets/images/138bet.png,
14win,https://14winbrasil.com,14winbrasil.com,14win,assets/logos/14win.webp,fetched,img,https://14winbrasil.com/assets/images/14win.png,
156bet,https://156betbrasil.com,156betbrasil.com,156bet,assets/logos/156bet.webp,fetched,img,https://156betbrasil.com/assets/images/156bet.png,
158bet,https://158betbrasil.com,158betbrasil.com,158bet,assets/logos/158bet.webp,fetched,img,https://158betbrasil.com/assets/images/158bet.png,
159bet,https://159bet.br.com,159bet.br.com,159bet,assets/logos/159bet.webp,fetched,img,https://159bet.br.com/assets/images/159bet.png,
15wim,https://15wim.br.com,15wim.br.com,15wim,assets/logos/15wim.webp,fetched,img,https://15wim.br.com/assets/images/15wim.png,
160bet,https://160betbrasil.com,160betbrasil.com,160bet,assets/logos/160bet.webp,fetched,img,https://160betbrasil.com/assets/images/160bet.png,
168bet,https://168betbrasil.com,168betbrasil.com,168bet,assets/logos/168bet.webp,fetched,og:image,https://168betbrasil.com/images/168bet_logo.png,
178bet,https://178betbrasil.com,178betbrasil.com,178bet,assets/logos/178bet.webp,fetched,img,https://178betbrasil.com/img/logo.webp,
188win,https://188winbrasil.com,188winbrasil.com,188win,assets/logos/188win.webp,fetched,img,https://188winbrasil.com/assets/images/188win.png,
192bet,https://192bet.br.com,192bet.br.com,192bet,assets/logos/192bet.webp,fetched,img,https://192bet.br.com/assets/images/192bet.png,
193bet,https://193bet.br.com,193bet.br.com,193bet,assets/logos/193bet.webp,fetched,img,https://193bet.br.com/assets/images/193bet.png,
1977bet,https://1977betbrasil.com,1977betbrasil.com,1977bet,assets/logos/1977bet.webp,fetched,img,https://1977betbrasil.com/assets/images/1977bet.png,
1992bet,https://1992betbrasil.com,1992betbrasil.com,1992bet,assets/logos/1992bet.webp,fetched,img,https://1992betbrasil.com/assets/images/1992bet.png,
1993bet,https://1993betbrasil.com,1993betbrasil.com,1993bet,assets/logos/1993bet.webp,fetched,img,https://1993betbrasil.com/assets/images/1993bet.png,
1999bet,https://1999betbrasil.com,1999betbrasil.com,1999bet,assets/logos/1999bet.webp,fetched,img,https://1999betbrasil.com/assets/images/1999bet.png,
1wim,https://1wim.br.com,1wim.br.com,1wim,assets/logos/1wim.webp,fetched,img,https://1wim.br.com/assets/images/1wim.png,
1wwin,https://1wwinn.com,1wwinn.com,1wwin,assets/logos/1wwin.webp,fetched,img,https://1wwinn.com/assets/images/1wwin.png,
202bet,https://202betbrasil.com,202betbrasil.com,202bet,assets/logos/202bet.webp,fetched,img,https://202betbrasil.com/assets/images/202bet.png,
20bet,https://20bett.br.com,20bett.br.com,20bet,assets/logos/20bet.webp,fetched,img,https://20bett.br.com/assets/images/20bett.png,
222wim,https://222wimbrasil.com,222wimbrasil.com,222wim,assets/logos/222wim.webp,fetched,img,https://222wimbrasil.com/images/logo.png,
22888bet,https://22888betbrasil.com,22888betbrasil.com,22888bet,assets/logos/22888bet.webp,fetched,img,https://22888betbrasil.com/assets/images/22888bet.png,
235bet,https://235bet.br.com,235bet.br.com,235bet,assets/logos/235bet.webp,fetched,img,https://235bet.br.com/assets/images/235bet.png,
236bet,https://236bet.io,236bet.io,236bet,assets/logos/236bet.webp,fetched,img,https://236bet.io/assets/images/236bet.png,
255bet,https://255betcom.net,255betcom.net,255bet,assets/logos/255bet.webp,fetched,img,https://255betcom.net/assets/images/255bet.png,
257bet,https://257bet.br.com,257bet.br.com,257bet,assets/logos/257bet.webp,fetched,img,https://257bet.br.com/assets/images/257bet.png,
303bet,https://303betbrasil.com,303betbrasil.com,303bet,assets/logos/303bet.webp,fetched,img,https://303betbrasil.com/assets/images/303bet.png,
316bet,https://316betbrasil.com,316betbrasil.com,316bet,assets/logos/316bet.webp,fetched,og:image,https://316betbrasil.com/images/316bet.png,
325bet,https://325betbrasil.com,325betbrasil.com,325bet,assets/logos/325bet.webp,fetched,img,https://325betbrasil.com/assets/images/325bet.png,
3300bet,https://3300betbrasil.com,3300betbrasil.com,3300bet,assets/logos/3300bet.webp,fetched,og:image,https://3300betbrasil.com/images/3300bet_logo.png,
333win,https://333winbrasil.com,333winbrasil.com,333win,assets/logos/333win.svg,fallback,generated-fallback,,https://333winbrasil.com/favicon.ico: <urlopen error timed out>
334bet,https://334betbrasil.com,334betbrasil.com,334bet,assets/logos/334bet.webp,fetched,img,https://334betbrasil.com/assets/images/334bet.png,
33brl,https://33brlbrasil.com,33brlbrasil.com,33brl,assets/logos/33brl.webp,fetched,img,https://33brlbrasil.com/assets/images/33brl.png,
3555bet,https://3555betbrasil.com,3555betbrasil.com,3555bet,assets/logos/3555bet.webp,fetched,img,https://3555betbrasil.com/assets/images/3555bet.png,
358bet,https://358betbrasil.com,358betbrasil.com,358bet,assets/logos/358bet.webp,fetched,og:image,https://358betbrasil.com/images/358bet_logo.png,
359bet,https://359betbrasil.com,359betbrasil.com,359bet,assets/logos/359bet.webp,fetched,img,https://359betbrasil.com/assets/images/359bet.png,
360bet,https://360betbrasil.com,360betbrasil.com,360bet,assets/logos/360bet.webp,fetched,img,https://360betbrasil.com/img/logo.webp,
364bet,https://364betbrasil.com,364betbrasil.com,364bet,assets/logos/364bet.webp,fetched,img,https://364betbrasil.com/assets/images/364bet.png,
365jogo,https://365jogobrasil.com,365jogobrasil.com,365jogo,assets/logos/365jogo.webp,fetched,img,https://365jogobrasil.com/assets/images/365jogo.png,
365pg,https://365pg.br.com,365pg.br.com,365pg,assets/logos/365pg.webp,fetched,img,https://365pg.br.com/assets/images/365pg.png,
365score,https://365score.br.com,365score.br.com,365score,assets/logos/365score.webp,fetched,img,https://365score.br.com/assets/images/365score.png,
368bet,https://368betbrasil.com,368betbrasil.com,368bet,assets/logos/368bet.webp,fetched,img,https://368betbrasil.com/assets/images/368bet.png,
377bet,https://377bett.online,377bett.online,377bet,assets/logos/377bet.webp,fetched,img,https://377bett.online/assets/images/377bet.png,
389bet,https://389betbrasil.com,389betbrasil.com,389bet,assets/logos/389bet.webp,fetched,img,https://389betbrasil.com/img/logo.webp,
41bet,https://41betbrasil.com,41betbrasil.com,41bet,assets/logos/41bet.webp,fetched,img,https://41betbrasil.com/img/logo.webp,
4242bet,https://4242betbrasil.com,4242betbrasil.com,4242bet,assets/logos/4242bet.webp,fetched,img,https://4242betbrasil.com/assets/images/4242bet.png,
444wim,https://444wimbrasil.com,444wimbrasil.com,444wim,assets/logos/444wim.webp,fetched,img,https://444wimbrasil.com/img/logo.webp,
444win,https://444wincom.net,444wincom.net,444win,assets/logos/444win.webp,fetched,img,https://444wincom.net/assets/images/444win.png,
445bet,https://445bet.br.com,445bet.br.com,445bet,assets/logos/445bet.webp,fetched,twitter:image,https://445bet.br.com/static/picture/445BET.png,
44win,https://44winbrasil.com,44winbrasil.com,44win,assets/logos/44win.webp,fetched,img,https://44winbrasil.com/img/logo.webp,
450bet,https://450betbrasil.com,450betbrasil.com,450bet,assets/logos/450bet.webp,fetched,img,https://450betbrasil.com/assets/images/450bet.png,
45br,https://45br.br.com,45br.br.com,45br,assets/logos/45br.svg,fetched,og:image,https://45br.br.com/assets/images/site-og.svg,
474bet,https://474bet.br.com,474bet.br.com,474bet,assets/logos/474bet.webp,fetched,img,https://474bet.br.com/assets/images/474bet.png,
4kbet,https://4kbet.br.com,4kbet.br.com,4kbet,assets/logos/4kbet.webp,fetched,img,https://4kbet.br.com/assets/images/4kbet.png,
511bet,https://511bet.br.com,511bet.br.com,511bet,assets/logos/511bet.webp,fetched,img,https://511bet.br.com/assets/images/511bet.png,
520bet,https://520betbrasil.com,520betbrasil.com,520bet,assets/logos/520bet.webp,fetched,img,https://520betbrasil.com/assets/images/520bet.png,
523bet,https://523betbrasil.com,523betbrasil.com,523bet,assets/logos/523bet.webp,fetched,img,https://523betbrasil.com/assets/images/523bet.png,
5500bet,https://5500bet.studio,5500bet.studio,5500bet,assets/logos/5500bet.webp,fetched,img,https://5500bet.studio/assets/images/5500bet.png,
550bet,https://550betbrasil.com,550betbrasil.com,550bet,assets/logos/550bet.webp,fetched,img,https://550betbrasil.com/assets/images/550bet.png,
5555win,https://5555winbrasil.com,5555winbrasil.com,5555win,assets/logos/5555win.webp,fetched,img,https://5555winbrasil.com/assets/images/5555win.png,
555wim,https://555wimbrasil.com,555wimbrasil.com,555wim,assets/logos/555wim.webp,fetched,img,https://555wimbrasil.com/assets/images/555wim.png,
556bet,https://556bett.org,556bett.org,556bet,assets/logos/556bet.webp,fetched,img,https://556bett.org/assets/images/556bet.png,
55933bet,https://55933bet.br.com,55933bet.br.com,55933bet,assets/logos/55933bet.webp,fetched,img,https://55933bet.br.com/assets/images/55933bet.png,
5599bet,https://5599betbrasil.com,5599betbrasil.com,5599bet,assets/logos/5599bet.webp,fetched,img,https://5599betbrasil.com/assets/images/5599bet.png,
55luck,https://55luckbrasil.com,55luckbrasil.com,55luck,assets/logos/55luck.webp,fetched,img,https://55luckbrasil.com/assets/images/55luck.png,
55m,https://55m.br.com,55m.br.com,55m,assets/logos/55m.webp,fetched,img,https://55m.br.com/assets/images/55m.png,
55win,https://55winbrasil.com,55winbrasil.com,55win,assets/logos/55win.webp,fetched,img,https://55winbrasil.com/assets/images/55win.png,
5637bet,https://5637betbrasil.com,5637betbrasil.com,5637bet,assets/logos/5637bet.webp,fetched,img,https://5637betbrasil.com/assets/images/5637bet.png,
567wim,https://567wim.br.com,567wim.br.com,567wim,assets/logos/567wim.webp,fetched,img,https://567wim.br.com/assets/images/567wim.png,
567win,https://567win.br.com,567win.br.com,567win,assets/logos/567win.webp,fetched,img,https://567win.br.com/assets/images/567win.png,
568bet,https://568betbrasil.com,568betbrasil.com,568bet,assets/logos/568bet.webp,fetched,img,https://568betbrasil.com/img/logo.webp,
57wim,https://57wim.br.com,57wim.br.com,57wim,assets/logos/57wim.webp,fetched,img,https://57wim.br.com/assets/images/57wim.png,
5mpg,https://5mpg.br.com,5mpg.br.com,5mpg,assets/logos/5mpg.webp,fetched,img,https://5mpg.br.com/assets/images/5mpg.png,
5ubet,https://5ubet.br.com,5ubet.br.com,5ubet,assets/logos/5ubet.webp,fetched,img,https://5ubet.br.com/assets/images/5ubet.png,
5wim,https://5wim.br.com,5wim.br.com,5wim,assets/logos/5wim.webp,fetched,img,https://5wim.br.com/assets/images/5wim.png,
611bet,https://611betbrasil.com,611betbrasil.com,611bet,assets/logos/611bet.webp,fetched,img,https://611betbrasil.com/assets/images/611bet.png,
6171bet,https://6171bet.br.com,6171bet.br.com,6171bet,assets/logos/6171bet.webp,fetched,img,https://6171bet.br.com/assets/images/6171bet.png,
618bet,https://618betbrasil.com,618betbrasil.com,618bet,assets/logos/618bet.webp,fetched,img,https://618betbrasil.com/assets/images/618bet.png,
64bet,https://64bet.br.com,64bet.br.com,64bet,assets/logos/64bet.webp,fetched,img,https://64bet.br.com/assets/images/64bet.png,
6500bet,https://6500betbrasil.com,6500betbrasil.com,6500bet,assets/logos/6500bet.webp,fetched,img,https://6500betbrasil.com/assets/images/6500bet.png,
650bet,https://650betbrasil.com,650betbrasil.com,650bet,assets/logos/650bet.webp,fetched,img,https://650betbrasil.com/assets/images/650bet.png,
654bet,https://654betbrasil.com,654betbrasil.com,654bet,assets/logos/654bet.webp,fetched,img,https://654betbrasil.com/assets/images/654bet.png,
657bet,https://657betbrasil.com,657betbrasil.com,657bet,assets/logos/657bet.webp,fetched,img,https://657betbrasil.com/assets/images/657bet.png,
662bet,https://662bet.br.com,662bet.br.com,662bet,assets/logos/662bet.webp,fetched,img,https://662bet.br.com/assets/images/662bet.png,
6633bet,https://6633betbrasil.com,6633betbrasil.com,6633bet,assets/logos/6633bet.webp,fetched,img,https://6633betbrasil.com/assets/images/6633bet.png,
6665bet,https://6665betbrasil.com,6665betbrasil.com,6665bet,assets/logos/6665bet.webp,fetched,img,https://6665betbrasil.com/images/logo.png,
667bet,https://667betco.com,667betco.com,667bet,assets/logos/667bet.webp,fetched,img,https://667betco.com/assets/images/667bet.png,
6680bet,https://6680betbrasil.com,6680betbrasil.com,6680bet,assets/logos/6680bet.webp,fetched,img,https://6680betbrasil.com/assets/images/6680bet.png,
66brl,https://66brl.br.com,66brl.br.com,66brl,assets/logos/66brl.webp,fetched,img,https://66brl.br.com/assets/images/66brl.png,
67bet,https://67bet.click,67bet.click,67bet,assets/logos/67bet.webp,fetched,img,https://67bet.click/assets/images/67bet.png,
6zbet,https://6zbetbrasil.com,6zbetbrasil.com,6zbet,assets/logos/6zbet.webp,fetched,og:image,https://6zbetbrasil.com/images/6zbet.png,
70bet,https://70bets.win,70bets.win,70bet,assets/logos/70bet.webp,fetched,img,https://70bets.win/assets/images/70bet.png,
7200bet,https://7200betbrasil.com,7200betbrasil.com,7200bet,assets/logos/7200bet.webp,fetched,img,https://7200betbrasil.com/assets/images/7200bet.png,
72pagbet,https://72pagbet.br.com,72pagbet.br.com,72pagbet,assets/logos/72pagbet.webp,fetched,img,https://72pagbet.br.com/assets/images/72pagbet.png,
770bet,https://770betbrasil.com,770betbrasil.com,770bet,assets/logos/770bet.webp,fetched,img,https://770betbrasil.com/assets/images/770bet.png,
775bet,https://775betcom.net,775betcom.net,775bet,assets/logos/775bet.webp,fetched,img,https://775betcom.net/assets/images/775bet.png,
7777,https://7777.br.com,7777.br.com,7777,assets/logos/7777.webp,fetched,img,https://7777.br.com/assets/images/7777.png,
77788bet,https://77788betbrasil.com,77788betbrasil.com,77788bet,assets/logos/77788bet.webp,fetched,img,https://77788betbrasil.com/assets/images/77788bet.png,
777br,https://777br.br.com,777br.br.com,777br,assets/logos/777br.webp,fetched,img,https://777br.br.com/assets/images/777br.png,
777dd,https://777ddbrasil.com,777ddbrasil.com,777dd,assets/logos/777dd.webp,fetched,img,https://777ddbrasil.com/assets/images/777dd.png,
777game,https://777gamebrasil.com,777gamebrasil.com,777game,assets/logos/777game.webp,fetched,img,https://777gamebrasil.com/images/logo.png,
777games,https://777games.br.com,777games.br.com,777games,assets/logos/777games.webp,fetched,img,https://777games.br.com/assets/images/777games.png,
777gbet,https://777gbet.io,777gbet.io,777gbet,assets/logos/777gbet.webp,fetched,img,https://777gbet.io/assets/images/777gbet.png,
777log,https://777logbrasil.com,777logbrasil.com,777log,assets/logos/777log.webp,fetched,img,https://777logbrasil.com/assets/images/777log.png,
777plus,https://777plus.br.com,777plus.br.com,777plus,assets/logos/777plus.webp,fetched,img,https://777plus.br.com/assets/images/777plus.png,
777rio,https://777riobrasil.com,777riobrasil.com,777rio,assets/logos/777rio.webp,fetched,og:image,https://777riobrasil.com/images/777rio.png,
777wim,https://777wimbrasil.com,777wimbrasil.com,777wim,assets/logos/777wim.webp,fetched,img,https://777wimbrasil.com/assets/images/777wim.png,
778bet,https://778betbrasil.com,778betbrasil.com,778bet,assets/logos/778bet.webp,fetched,img,https://778betbrasil.com/img/logo.webp,
77bra,https://77brabrasil.com,77brabrasil.com,77bra,assets/logos/77bra.webp,fetched,img,https://77brabrasil.com/img/logo.webp,
77f,https://77f.br.com,77f.br.com,77f,assets/logos/77f.webp,fetched,img,https://77f.br.com/assets/images/77f.png,
77game,https://77gamebrasil.com,77gamebrasil.com,77game,assets/logos/77game.webp,fetched,img,https://77gamebrasil.com/assets/images/77game.png,
7878bet,https://7878betbrasil.com,7878betbrasil.com,7878bet,assets/logos/7878bet.webp,fetched,img,https://7878betbrasil.com/assets/images/7878bet.png,
7888bet,https://7888betbrasil.com,7888betbrasil.com,7888bet,assets/logos/7888bet.webp,fetched,img,https://7888betbrasil.com/assets/images/7888bet.png,
789luck,https://789luckbrasil.com,789luckbrasil.com,789luck,assets/logos/789luck.webp,fetched,img,https://789luckbrasil.com/assets/images/789luck.png,
79bet,https://79betapp.br.com,79betapp.br.com,79bet,assets/logos/79bet.webp,fetched,img,https://79betapp.br.com/assets/images/79betapp.png,
7b777,https://7b777.br.com,7b777.br.com,7b777,assets/logos/7b777.webp,fetched,img,https://7b777.br.com/assets/images/7b777.png,
7y777,https://7y777brasil.com,7y777brasil.com,7y777,assets/logos/7y777.webp,fetched,img,https://7y777brasil.com/assets/images/7y777.png,
8000bet,https://8000betbrasil.com,8000betbrasil.com,8000bet,assets/logos/8000bet.webp,fetched,img,https://8000betbrasil.com/assets/images/8000bet.png,
8090bet,https://8090betbrasil.com,8090betbrasil.com,8090bet,assets/logos/8090bet.webp,fetched,img,https://8090betbrasil.com/assets/images/8090bet.png,
80games,https://80gamesbrasil.com,80gamesbrasil.com,80games,assets/logos/80games.webp,fetched,img,https://80gamesbrasil.com/img/logo.webp,
81bet,https://81betcasino.io,81betcasino.io,81bet,assets/logos/81bet.webp,fetched,img,https://81betcasino.io/assets/images/81bet.png,
822bet,https://822bet.br.com,822bet.br.com,822bet,assets/logos/822bet.webp,fetched,img,https://822bet.br.com/assets/images/822bet.png,
8555bet,https://8555betbrasil.com,8555betbrasil.com,8555bet,assets/logos/8555bet.webp,fetched,img,https://8555betbrasil.com/images/logo.png,
868bet,https://868bet.br.com,868bet.br.com,868bet,assets/logos/868bet.webp,fetched,img,https://868bet.br.com/assets/images/868bet.png,
882bet,https://882bet.br.com,882bet.br.com,882bet,assets/logos/882bet.webp,fetched,img,https://882bet.br.com/assets/images/001win.png,
88855bet,https://88855betbrasil.com,88855betbrasil.com,88855bet,assets/logos/88855bet.webp,fetched,img,https://88855betbrasil.com/assets/images/88855bet.png,
888brl,https://888brl.br.com,888brl.br.com,888brl,assets/logos/888brl.webp,fetched,img,https://888brl.br.com/assets/images/888brl.png,
888games,https://888games.br.com,888games.br.com,888games,assets/logos/888games.webp,fetched,img,https://888games.br.com/assets/images/888games.png,
888jogo,https://888jogo.net.im,888jogo.net.im,888jogo,assets/logos/888jogo.webp,fetched,img,https://888jogo.net.im/assets/images/888jogo.png,
888jogos,https://888jogosbrasil.com,888jogosbrasil.com,888jogos,assets/logos/888jogos.webp,fetched,img,https://888jogosbrasil.com/assets/images/888jogos.png,
888poker,https://888poker.br.com,888poker.br.com,888poker,assets/logos/888poker.webp,fetched,img,https://888poker.br.com/assets/images/888poker.png,
888sport,https://888sport.br.com,888sport.br.com,888sport,assets/logos/888sport.webp,fetched,img,https://888sport.br.com/assets/images/888sport.png,
888wim,https://888wimbrasil.com,888wimbrasil.com,888wim,assets/logos/888wim.webp,fetched,og:image,https://888wimbrasil.com/images/888wim.png,
88casino,https://88casinobrasil.com,88casinobrasil.com,88casino,assets/logos/88casino.webp,fetched,img,https://88casinobrasil.com/assets/images/88casino.png,
88pg,https://88pgbrasil.com,88pgbrasil.com,88pg,assets/logos/88pg.webp,fetched,img,https://88pgbrasil.com/assets/images/88pg.png,
88wim,https://88wimbrasil.com,88wimbrasil.com,88wim,assets/logos/88wim.webp,fetched,og:image,https://88wimbrasil.com/images/88wim.png,
88win,https://88win.br.com,88win.br.com,88win,assets/logos/88win.webp,fetched,img,https://88win.br.com/assets/images/88win.png,
89betwin,https://89betwinbrasil.com,89betwinbrasil.com,89betwin,assets/logos/89betwin.webp,fetched,og:image,https://89betwinbrasil.com/images/89betwin.png,
89e,https://89e.br.com,89e.br.com,89e,assets/logos/89e.webp,fetched,img,https://89e.br.com/assets/images/89e.png,
8bet,https://8betbrasil.com,8betbrasil.com,8bet,assets/logos/8bet.svg,fallback,generated-fallback,,https://8betbrasil.com/logo.png: HTTP Error 404: Not Found | https://8betbrasil.com/assets/logo.png: HTTP Error 404: Not Found | https://8betbrasil.com/assets/images/logo.png: HTTP Error 404: Not Found
923bet,https://923betbrasil.com,923betbrasil.com,923bet,assets/logos/923bet.webp,fetched,img,https://923betbrasil.com/assets/images/923bet.png,
936bet,https://936betbrasil.com,936betbrasil.com,936bet,assets/logos/936bet.webp,fetched,img,https://936betbrasil.com/assets/images/936bet.png,
9552bet,https://9552betbrasil.com,9552betbrasil.com,9552bet,assets/logos/9552bet.webp,fetched,img,https://9552betbrasil.com/assets/images/9552bet.png,
9595bet,https://9595betbrasil.com,9595betbrasil.com,9595bet,assets/logos/9595bet.webp,fetched,img,https://9595betbrasil.com/img/logo.webp,
965bet,https://965betbrasil.com,965betbrasil.com,965bet,assets/logos/965bet.webp,fetched,img,https://965betbrasil.com/images/logo.png,
971bet,https://971bet.br.com,971bet.br.com,971bet,assets/logos/971bet.webp,fetched,img,https://971bet.br.com/assets/images/971bet.png,
979bet,https://979bet.io,979bet.io,979bet,assets/logos/979bet.webp,fetched,img,https://979bet.io/assets/images/979bet.png,
982bet,https://982bet.io,982bet.io,982bet,assets/logos/982bet.webp,fetched,img,https://982bet.io/assets/images/982bet.png,
989bet,https://989bet.br.com,989bet.br.com,989bet,assets/logos/989bet.webp,fetched,img,https://989bet.br.com/assets/images/989bet.png,
9969bet,https://9969betbrasil.com,9969betbrasil.com,9969bet,assets/logos/9969bet.webp,fetched,og:image,https://9969betbrasil.com/images/9969bet.png,
9992bet,https://9992betbrasil.com,9992betbrasil.com,9992bet,assets/logos/9992bet.webp,fetched,img,https://9992betbrasil.com/assets/images/9992bet.png,
999bb,https://999bbbrasil.com,999bbbrasil.com,999bb,assets/logos/999bb.webp,fetched,img,https://999bbbrasil.com/images/logo.png,
999g,https://999g.br.com,999g.br.com,999g,assets/logos/999g.webp,fetched,img,https://999g.br.com/assets/images/999g.png,
999win,https://999winbrasil.com,999winbrasil.com,999win,assets/logos/999win.webp,fetched,img,https://999winbrasil.com/assets/images/999win.png,
99brl,https://99brlbrasil.com,99brlbrasil.com,99brl,assets/logos/99brl.webp,fetched,img,https://99brlbrasil.com/assets/images/99brl.png,
9fbet,https://9fbet.br.com,9fbet.br.com,9fbet,assets/logos/9fbet.webp,fetched,img,https://9fbet.br.com/assets/images/9fbet.png,
9fgames,https://9fgamesbrasil.com,9fgamesbrasil.com,9fgames,assets/logos/9fgames.webp,fetched,img,https://9fgamesbrasil.com/assets/images/9fgames.png,
9kbet,https://9kbett.uk.com,9kbett.uk.com,9kbet,assets/logos/9kbet.webp,fetched,img,https://9kbett.uk.com/assets/images/9kbet.png,
a6bet,https://a6bet.br.com,a6bet.br.com,a6bet,assets/logos/a6bet.webp,fetched,img,https://a6bet.br.com/assets/images/a6bet.png,
aa888bet,https://aa888bet.br.com,aa888bet.br.com,aa888bet,assets/logos/aa888bet.webp,fetched,img,https://aa888bet.br.com/assets/images/aa888bet.png,
ajogo,https://ajogo.br.com,ajogo.br.com,ajogo,assets/logos/ajogo.webp,fetched,img,https://ajogo.br.com/assets/images/ajogo.png,
ak8888,https://ak8888brasil.com,ak8888brasil.com,ak8888,assets/logos/ak8888.webp,fetched,img,https://ak8888brasil.com/img/logo.webp,
alfabet,https://alfabet.br.com,alfabet.br.com,alfabet,assets/logos/alfabet.webp,fetched,img,https://alfabet.br.com/assets/images/alfabet.png,
amabet,https://amabet.br.com,amabet.br.com,amabet,assets/logos/amabet.webp,fetched,img,https://amabet.br.com/assets/images/amabet.png,
appbet,https://appbet.br.com,appbet.br.com,appbet,assets/logos/appbet.webp,fetched,img,https://appbet.br.com/assets/images/appbet.png,
arrwin,https://arrwinbrasil.com,arrwinbrasil.com,arrwin,assets/logos/arrwin.webp,fetched,img,https://arrwinbrasil.com/img/logo.webp,
ate777,https://ate777.br.com,ate777.br.com,ate777,assets/logos/ate777.webp,fetched,img,https://ate777.br.com/assets/images/ate777.png,
awin,https://awin.br.com,awin.br.com,awin,assets/logos/awin.webp,fetched,img,https://awin.br.com/assets/images/awin.png,
b365,https://b365.br.com,b365.br.com,b365,assets/logos/b365.webp,fetched,img,https://b365.br.com/assets/images/b365.png,
b7k,https://b7k.br.com,b7k.br.com,b7k,assets/logos/b7k.webp,fetched,img,https://b7k.br.com/assets/images/b7k.png,
bantubet,https://bantubet.br.com,bantubet.br.com,bantubet,assets/logos/bantubet.webp,fetched,img,https://bantubet.br.com/assets/images/bantubet.png,
bbbet,https://bbbet.br.com,bbbet.br.com,bbbet,assets/logos/bbbet.webp,fetched,img,https://bbbet.br.com/assets/images/bbbet.png,
bbcwin,https://bbcwinbrasil.com,bbcwinbrasil.com,bbcwin,assets/logos/bbcwin.webp,fetched,img,https://bbcwinbrasil.com/assets/images/bbcwin.png,
bbet,https://bbet.br.com,bbet.br.com,bbet,assets/logos/bbet.webp,fetched,img,https://bbet.br.com/assets/images/bbet.png,
bbrjogo,https://bbrjogobrasil.com,bbrjogobrasil.com,bbrjogo,assets/logos/bbrjogo.webp,fetched,img,https://bbrjogobrasil.com/assets/images/bbrjogo.png,
bbwin,https://bbwin.br.com,bbwin.br.com,bbwin,assets/logos/bbwin.webp,fetched,img,https://bbwin.br.com/assets/images/bbwin.png,
bcat777,https://bcat777.br.com,bcat777.br.com,bcat777,assets/logos/bcat777.webp,fetched,img,https://bcat777.br.com/assets/images/bcat777.png,
be365,https://be365.br.com,be365.br.com,be365,assets/logos/be365.webp,fetched,img,https://be365.br.com/assets/images/be365.png,
bela888,https://bela888.br.com,bela888.br.com,bela888,assets/logos/bela888.webp,fetched,img,https://bela888.br.com/assets/images/bela888.png,
ber365,https://ber365.br.com,ber365.br.com,ber365,assets/logos/ber365.webp,fetched,img,https://ber365.br.com/assets/images/ber365.png,
bet12,https://bet12.br.com,bet12.br.com,bet12,assets/logos/bet12.webp,fetched,img,https://bet12.br.com/assets/images/bet12.png,
bet122,https://bet122brasil.com,bet122brasil.com,bet122,assets/logos/bet122.webp,fetched,img,https://bet122brasil.com/assets/images/bet122.png,
bet265,https://bet265brasil.com,bet265brasil.com,bet265,assets/logos/bet265.webp,fetched,img,https://bet265brasil.com/assets/images/bet265.png,
bet317,https://bet317.br.com,bet317.br.com,bet317,assets/logos/bet317.webp,fetched,img,https://bet317.br.com/assets/images/bet317.png,
bet333,https://bet333.br.com,bet333.br.com,bet333,assets/logos/bet333.webp,fetched,img,https://bet333.br.com/assets/images/bet333.png,
bet356,https://bet356.br.com,bet356.br.com,bet356,assets/logos/bet356.webp,fetched,img,https://bet356.br.com/assets/images/bet356.png,
bet360,https://bet360.br.com,bet360.br.com,bet360,assets/logos/bet360.webp,fetched,img,https://bet360.br.com/assets/images/bet360.png,
bet364,https://bet364.br.com,bet364.br.com,bet364,assets/logos/bet364.webp,fetched,img,https://bet364.br.com/assets/images/bet364.png,
bet377,https://bet377brasil.com,bet377brasil.com,bet377,assets/logos/bet377.webp,fetched,img,https://bet377brasil.com/assets/images/bet377.png,
bet3k,https://bet3k.br.com,bet3k.br.com,bet3k,assets/logos/bet3k.webp,fetched,img,https://bet3k.br.com/assets/images/bet3k.png,
bet456,https://bet456brasil.com,bet456brasil.com,bet456,assets/logos/bet456.webp,fetched,img,https://bet456brasil.com/assets/images/bet456.png,
bet465,https://bet465brasil.com,bet465brasil.com,bet465,assets/logos/bet465.webp,fetched,img,https://bet465brasil.com/assets/images/bet465.png,
bet535,https://bet535.br.com,bet535.br.com,bet535,assets/logos/bet535.webp,fetched,img,https://bet535.br.com/assets/images/bet535.png,
bet55,https://bet55.br.com,bet55.br.com,bet55,assets/logos/bet55.webp,fetched,img,https://bet55.br.com/assets/images/bet55.png,
bet555,https://bet555.br.com,bet555.br.com,bet555,assets/logos/bet555.webp,fetched,img,https://bet555.br.com/assets/images/bet555.png,
bet585,https://bet585.br.com,bet585.br.com,bet585,assets/logos/bet585.webp,fetched,img,https://bet585.br.com/assets/images/bet585.png,
bet595,https://bet595.br.com,bet595.br.com,bet595,assets/logos/bet595.webp,fetched,img,https://bet595.br.com/assets/images/bet595.png,
bet60,https://bet60.br.com,bet60.br.com,bet60,assets/logos/bet60.webp,fetched,img,https://bet60.br.com/assets/images/bet60.png,
bet666,https://bet666brasil.com,bet666brasil.com,bet666,assets/logos/bet666.webp,fetched,img,https://bet666brasil.com/assets/images/bet666.png,
bet70,https://bet70.br.com,bet70.br.com,bet70,assets/logos/bet70.webp,fetched,img,https://bet70.br.com/assets/images/bet70.png,
bet718,https://bet718.br.com,bet718.br.com,bet718,assets/logos/bet718.webp,fetched,img,https://bet718.br.com/assets/images/bet718.png,
bet755,https://bet755brasil.com,bet755brasil.com,bet755,assets/logos/bet755.webp,fetched,og:image,https://bet755brasil.com/images/bet755.png,
bet79,https://bet79brasil.com,bet79brasil.com,bet79,assets/logos/bet79.webp,fetched,img,https://bet79brasil.com/assets/images/bet79.png,
bet888,https://bet888.br.com,bet888.br.com,bet888,assets/logos/bet888.svg,fetched,og:image,https://bet888.br.com/assets/images/site-og.svg,
bet959,https://bet959.br.com,bet959.br.com,bet959,assets/logos/bet959.webp,fetched,img,https://bet959.br.com/assets/images/bet959.png,
bet969,https://bet969.br.com,bet969.br.com,bet969,assets/logos/bet969.webp,fetched,img,https://bet969.br.com/assets/images/bet969.png,
betabet,https://betabetbrasil.com,betabetbrasil.com,betabet,assets/logos/betabet.webp,fetched,img,https://betabetbrasil.com/assets/images/betabet.png,
betbr,https://betbrbrasil.com,betbrbrasil.com,betbr,assets/logos/betbr.webp,fetched,img,https://betbrbrasil.com/assets/images/betbr.png,
bethoje,https://bethoje.br.com,bethoje.br.com,bethoje,assets/logos/bethoje.webp,fetched,img,https://bethoje.br.com/assets/images/bethoje.png,
bets88,https://bets88brasil.com,bets88brasil.com,bets88,assets/logos/bets88.webp,fetched,img,https://bets88brasil.com/assets/images/bets88.png,
betweb,https://betweb.br.com,betweb.br.com,betweb,assets/logos/betweb.webp,fetched,img,https://betweb.br.com/assets/images/betweb.png,
bey365,https://bey365.br.com,bey365.br.com,bey365,assets/logos/bey365.webp,fetched,img,https://bey365.br.com/assets/images/bey365.png,
bg777,https://bg777brasil.com,bg777brasil.com,bg777,assets/logos/bg777.webp,fetched,img,https://bg777brasil.com/assets/images/bg777.png,
bhbet,https://bhbet.br.com,bhbet.br.com,bhbet,assets/logos/bhbet.webp,fetched,img,https://bhbet.br.com/assets/images/bhbet.png,
bis777,https://bis777brasil.com,bis777brasil.com,bis777,assets/logos/bis777.webp,fetched,img,https://bis777brasil.com/images/logo.png,
bk7,https://bk7brasil.com,bk7brasil.com,bk7,assets/logos/bk7.svg,fetched,og:image,https://bk7brasil.com/assets/images/site-og.svg,
blusbet,https://blusbetbrasil.com,blusbetbrasil.com,blusbet,assets/logos/blusbet.webp,fetched,img,https://blusbetbrasil.com/images/logo.png,
boa777,https://boa777.br.com,boa777.br.com,boa777,assets/logos/boa777.webp,fetched,img,https://boa777.br.com/assets/images/boa777.png,
bolavip,https://bolavip.br.com,bolavip.br.com,bolavip,assets/logos/bolavip.webp,fetched,img,https://bolavip.br.com/assets/images/bolavip.png,
boxswin,https://boxswinbrasil.com,boxswinbrasil.com,boxswin,assets/logos/boxswin.webp,fetched,img,https://boxswinbrasil.com/assets/images/boxswin.png,
boxwin,https://boxwinbrasil.com,boxwinbrasil.com,boxwin,assets/logos/boxwin.webp,fetched,img,https://boxwinbrasil.com/assets/images/boxwin.png,
boys888,https://boys888brasil.com,boys888brasil.com,boys888,assets/logos/boys888.webp,fetched,img,https://boys888brasil.com/assets/images/boys888.png,
br555bet,https://br555betbrasil.com,br555betbrasil.com,br555bet,assets/logos/br555bet.webp,fetched,img,https://br555betbrasil.com/img/logo.webp,
br8bet,https://br8bet.br.com,br8bet.br.com,br8bet,assets/logos/br8bet.webp,fetched,img,https://br8bet.br.com/assets/images/br8bet.png,
bra888,https://bra888.br.com,bra888.br.com,bra888,assets/logos/bra888.webp,fetched,img,https://bra888.br.com/assets/images/bra888.png,
bravgbet,https://bravgbet.br.com,bravgbet.br.com,bravgbet,assets/logos/bravgbet.svg,fetched,og:image,https://bravgbet.br.com/assets/images/site-og.svg,
brjogo,https://brjogobrasil.com,brjogobrasil.com,brjogo,assets/logos/brjogo.webp,fetched,img,https://brjogobrasil.com/assets/images/brjogo.png,
brkkk,https://brkkkbrasil.com,brkkkbrasil.com,brkkk,assets/logos/brkkk.webp,fetched,img,https://brkkkbrasil.com/img/logo.webp,
brlwin,https://brlwinbrasil.com,brlwinbrasil.com,brlwin,assets/logos/brlwin.webp,fetched,og:image,https://brlwinbrasil.com/images/brlwin_logo.png,
brrbet,https://brrbet.br.com,brrbet.br.com,brrbet,assets/logos/brrbet.webp,fetched,img,https://brrbet.br.com/assets/images/brrbet.png,
bsbet,https://bsbet.br.com,bsbet.br.com,bsbet,assets/logos/bsbet.webp,fetched,img,https://bsbet.br.com/assets/images/bsbet.png,
bt7k,https://bt7k.br.com,bt7k.br.com,bt7k,assets/logos/bt7k.webp,fetched,img,https://bt7k.br.com/assets/images/bt7k.png,
bte365,https://bte365.br.com,bte365.br.com,bte365,assets/logos/bte365.svg,fetched,og:image,https://bte365.br.com/assets/images/site-og.svg,
bulsbet,https://bulsbetbrasil.com,bulsbetbrasil.com,bulsbet,assets/logos/bulsbet.webp,fetched,img,https://bulsbetbrasil.com/assets/images/bulsbet.png,
buswin,https://buswinbrasil.com,buswinbrasil.com,buswin,assets/logos/buswin.webp,fetched,img,https://buswinbrasil.com/assets/images/buswin.png,
bzbet,https://bzbet.br.com,bzbet.br.com,bzbet,assets/logos/bzbet.webp,fetched,img,https://bzbet.br.com/assets/images/bzbet.png,
bzjogos,https://bzjogosbrasil.com,bzjogosbrasil.com,bzjogos,assets/logos/bzjogos.webp,fetched,img,https://bzjogosbrasil.com/assets/images/bzjogos.png,
cafebet,https://cafebet.br.com,cafebet.br.com,cafebet,assets/logos/cafebet.webp,fetched,img,https://cafebet.br.com/assets/images/cafebet.png,
cccbet,https://cccbet.br.com,cccbet.br.com,cccbet,assets/logos/cccbet.svg,fetched,og:image,https://cccbet.br.com/assets/images/site-og.svg,
ceu777bet,https://ceu777betbrasil.com,ceu777betbrasil.com,ceu777bet,assets/logos/ceu777bet.webp,fetched,img,https://ceu777betbrasil.com/assets/images/ceu777bet.png,
cis777,https://cis777brasil.com,cis777brasil.com,cis777,assets/logos/cis777.webp,fetched,og:image,https://cis777brasil.com/images/cis777_logo.png,
ck777,https://ck777brasil.com,ck777brasil.com,ck777,assets/logos/ck777.webp,fetched,img,https://ck777brasil.com/assets/images/ck777.png,
clarobet,https://clarobet.br.com,clarobet.br.com,clarobet,assets/logos/clarobet.webp,fetched,img,https://clarobet.br.com/assets/images/clarobet.png,
claze77,https://claze77.br.com,claze77.br.com,claze77,assets/logos/claze77.webp,fetched,img,https://claze77.br.com/assets/images/claze77.png,
club77,https://club77.br.com,club77.br.com,club77,assets/logos/club77.webp,fetched,img,https://club77.br.com/assets/images/club77.png,
club777,https://club777.br.com,club777.br.com,club777,assets/logos/club777.webp,fetched,img,https://club777.br.com/assets/images/club777.png,
club77bet,https://club77betbrasil.com,club77betbrasil.com,club77bet,assets/logos/club77bet.webp,fetched,img,https://club77betbrasil.com/assets/images/club77bet.png,
clube77,https://clube77brasil.com,clube77brasil.com,clube77,assets/logos/clube77.webp,fetched,img,https://clube77brasil.com/assets/images/clube77.png,
clubewin,https://clubewinbrasil.com,clubewinbrasil.com,clubewin,assets/logos/clubewin.webp,fetched,img,https://clubewinbrasil.com/assets/images/clubewin.png,
coroabet,https://coroabetbrasil.com,coroabetbrasil.com,coroabet,assets/logos/coroabet.webp,fetched,img,https://coroabetbrasil.com/img/logo.webp,
coroarbet,https://coroarbet.br.com,coroarbet.br.com,coroarbet,assets/logos/coroarbet.webp,fetched,img,https://coroarbet.br.com/assets/images/coroarbet.png,
cpf777,https://cpf777.br.com,cpf777.br.com,cpf777,assets/logos/cpf777.webp,fetched,img,https://cpf777.br.com/assets/images/cpf777.png,
cunbet,https://cunbet.br.com,cunbet.br.com,cunbet,assets/logos/cunbet.webp,fetched,img,https://cunbet.br.com/assets/images/cunbet.png,
cupwin,https://cupwinbrasil.com,cupwinbrasil.com,cupwin,assets/logos/cupwin.webp,fetched,img,https://cupwinbrasil.com/assets/images/cupwin.png,
cwbet,https://cwbetbrasil.com,cwbetbrasil.com,cwbet,assets/logos/cwbet.webp,fetched,img,https://cwbetbrasil.com/assets/images/cwbet.png,
d333bet,https://d333bet.br.com,d333bet.br.com,d333bet,assets/logos/d333bet.webp,fetched,img,https://d333bet.br.com/assets/images/d333bet.png,
dama777,https://dama777brasil.com,dama777brasil.com,dama777,assets/logos/dama777.webp,fetched,img,https://dama777brasil.com/assets/images/dama777.png,
dtbet,https://dtbet.br.com,dtbet.br.com,dtbet,assets/logos/dtbet.webp,fetched,img,https://dtbet.br.com/assets/images/dtbet.png,
e55bet,https://e55betbrasil.com,e55betbrasil.com,e55bet,assets/logos/e55bet.webp,fetched,img,https://e55betbrasil.com/assets/images/e55bet.png,
eeebet,https://eeebet.br.com,eeebet.br.com,eeebet,assets/logos/eeebet.webp,fetched,img,https://eeebet.br.com/assets/images/eeebet.png,
ejcassino,https://ejcassino.br.com,ejcassino.br.com,ejcassino,assets/logos/ejcassino.webp,fetched,img,https://ejcassino.br.com/assets/images/ejcassino.png,
ele777,https://ele777.br.com,ele777.br.com,ele777,assets/logos/ele777.webp,fetched,img,https://ele777.br.com/assets/images/ele777.png,
f2bet,https://f2betbrasil.com,f2betbrasil.com,f2bet,assets/logos/f2bet.webp,fetched,img,https://f2betbrasil.com/images/logo.png,
fizabet,https://fizabet.br.com,fizabet.br.com,fizabet,assets/logos/fizabet.webp,fetched,img,https://fizabet.br.com/assets/images/fizabet.png,
flabet,https://flabet.co,flabet.co,flabet,assets/logos/flabet.webp,fetched,img,https://flabet.co/assets/images/flabet.png,
fogo7777,https://fogo7777.org,fogo7777.org,fogo7777,assets/logos/fogo7777.webp,fetched,img,https://fogo7777.org/assets/images/fogo7777.png,
folkbet,https://folkbetbrasil.com,folkbetbrasil.com,folkbet,assets/logos/folkbet.webp,fetched,img,https://folkbetbrasil.com/assets/images/folkbet.png,
fpbet,https://fpbetbrasil.com,fpbetbrasil.com,fpbet,assets/logos/fpbet.webp,fetched,img,https://fpbetbrasil.com/assets/images/fpbet.png,
fullbet,https://fullbet.br.com,fullbet.br.com,fullbet,assets/logos/fullbet.webp,fetched,img,https://fullbet.br.com/assets/images/fullbet.png,
fuwin,https://fuwin.br.com,fuwin.br.com,fuwin,assets/logos/fuwin.webp,fetched,img,https://fuwin.br.com/assets/images/fuwin.png,
fxfx88,https://fxfx88.br.com,fxfx88.br.com,fxfx88,assets/logos/fxfx88.webp,fetched,img,https://fxfx88.br.com/assets/images/fxfx88.png,
g5bet,https://g5betbrasil.com,g5betbrasil.com,g5bet,assets/logos/g5bet.webp,fetched,img,https://g5betbrasil.com/images/logo.png,
game50,https://game50brasil.com,game50brasil.com,game50,assets/logos/game50.webp,fetched,img,https://game50brasil.com/assets/images/game50.png,
game90,https://game90brasil.com,game90brasil.com,game90,assets/logos/game90.webp,fetched,img,https://game90brasil.com/assets/images/game90.png,
ganhabet,https://ganhabet.br.com,ganhabet.br.com,ganhabet,assets/logos/ganhabet.webp,fetched,img,https://ganhabet.br.com/assets/images/ganhabet.png,
ggpoker,https://ggpoker.br.com,ggpoker.br.com,ggpoker,assets/logos/ggpoker.webp,fetched,img,https://ggpoker.br.com/assets/images/ggpoker.png,
gigabet,https://gigabets.games,gigabets.games,gigabet,assets/logos/gigabet.webp,fetched,img,https://gigabets.games/assets/images/gigabet.png,
gigabet,https://gigabets.io,gigabets.io,gigabet-2,assets/logos/gigabet-2.webp,fetched,img,https://gigabets.io/assets/images/gigabet.png,
gil777,https://gil777brasil.com,gil777brasil.com,gil777,assets/logos/gil777.webp,fetched,img,https://gil777brasil.com/assets/images/gil777.png,
gogowin,https://gogowin.br.com,gogowin.br.com,gogowin,assets/logos/gogowin.webp,fetched,img,https://gogowin.br.com/assets/images/gogowin.png,
golbet,https://golbet.br.com,golbet.br.com,golbet,assets/logos/golbet.webp,fetched,img,https://golbet.br.com/assets/images/golbet.png,
gorilabet,https://gorilabetbrasil.com,gorilabetbrasil.com,gorilabet,assets/logos/gorilabet.webp,fetched,img,https://gorilabetbrasil.com/assets/images/gorilabet.png,
gprbet,https://gprbetbrasil.com,gprbetbrasil.com,gprbet,assets/logos/gprbet.webp,fetched,img,https://gprbetbrasil.com/assets/images/gprbet.png,
gtwim,https://gtwimbrasil.com,gtwimbrasil.com,gtwim,assets/logos/gtwim.webp,fetched,img,https://gtwimbrasil.com/assets/images/gtwim.png,
gtwin,https://gtwin.it.com,gtwin.it.com,gtwin,assets/logos/gtwin.webp,fetched,img,https://gtwin.it.com/assets/images/gtwin.png,
gynbet,https://gynbetbrasil.com,gynbetbrasil.com,gynbet,assets/logos/gynbet.webp,fetched,img,https://gynbetbrasil.com/images/logo.png,
h22bet,https://h22bet.br.com,h22bet.br.com,h22bet,assets/logos/h22bet.webp,fetched,img,https://h22bet.br.com/assets/images/h22bet.png,
h2bt,https://h2bt.br.com,h2bt.br.com,h2bt,assets/logos/h2bt.webp,fetched,img,https://h2bt.br.com/assets/images/h2bt.png,
h456bet,https://h456betbrasil.com,h456betbrasil.com,h456bet,assets/logos/h456bet.webp,fetched,img,https://h456betbrasil.com/assets/images/h456bet.png,
h55bet,https://h55betbrasil.com,h55betbrasil.com,h55bet,assets/logos/h55bet.webp,fetched,img,https://h55betbrasil.com/assets/images/h55bet.png,
h7bet,https://h7betbrasil.com,h7betbrasil.com,h7bet,assets/logos/h7bet.webp,fetched,img,https://h7betbrasil.com/img/logo.webp,
hbet,https://hbetbrasil.com,hbetbrasil.com,hbet,assets/logos/hbet.webp,fetched,img,https://hbetbrasil.com/assets/images/hbet.png,
hgjogo,https://hgjogobrasil.com,hgjogobrasil.com,hgjogo,assets/logos/hgjogo.svg,fetched,og:image,https://hgjogobrasil.com/assets/images/site-og.svg,
hh55bet,https://hh55betbrasil.com,hh55betbrasil.com,hh55bet,assets/logos/hh55bet.webp,fetched,img,https://hh55betbrasil.com/assets/images/hh55bet.png,
hot777,https://hot777.br.com,hot777.br.com,hot777,assets/logos/hot777.webp,fetched,img,https://hot777.br.com/assets/images/hot777.png,
ii678,https://ii678.br.com,ii678.br.com,ii678,assets/logos/ii678.webp,fetched,img,https://ii678.br.com/assets/images/ii678.png,
iiwin,https://iiwinbrasil.com,iiwinbrasil.com,iiwin,assets/logos/iiwin.webp,fetched,img,https://iiwinbrasil.com/assets/images/iiwin.png,
ipiwin,https://ipiwinbrasil.com,ipiwinbrasil.com,ipiwin,assets/logos/ipiwin.webp,fetched,img,https://ipiwinbrasil.com/assets/images/ipiwin.png,
iribet,https://iribet.br.com,iribet.br.com,iribet,assets/logos/iribet.webp,fetched,img,https://iribet.br.com/assets/images/iribet.png,
isbet,https://isbetbrasil.com,isbetbrasil.com,isbet,assets/logos/isbet.webp,fetched,img,https://isbetbrasil.com/images/logo.png,
jackbet,https://jackbet.br.com,jackbet.br.com,jackbet,assets/logos/jackbet.webp,fetched,img,https://jackbet.br.com/assets/images/jackbet.png,
jebet,https://jebet.br.com,jebet.br.com,jebet,assets/logos/jebet.webp,fetched,img,https://jebet.br.com/assets/images/jebet.png,
jili77,https://jili77brasil.com,jili77brasil.com,jili77,assets/logos/jili77.webp,fetched,img,https://jili77brasil.com/assets/images/jili77.png,
jili777,https://jili777.br.com,jili777.br.com,jili777,assets/logos/jili777.webp,fetched,img,https://jili777.br.com/assets/images/jili777.png,
jj789,https://jj789brasil.com,jj789brasil.com,jj789,assets/logos/jj789.webp,fetched,img,https://jj789brasil.com/assets/images/jj789.png,
jjbet,https://jjbetbrasil.com,jjbetbrasil.com,jjbet,assets/logos/jjbet.webp,fetched,img,https://jjbetbrasil.com/assets/images/jjbet.png,
jkbet,https://jkbetbrasil.com,jkbetbrasil.com,jkbet,assets/logos/jkbet.webp,fetched,img,https://jkbetbrasil.com/assets/images/jkbet.png,
jogo365,https://jogo365brasil.com,jogo365brasil.com,jogo365,assets/logos/jogo365.webp,fetched,img,https://jogo365brasil.com/assets/images/jogo365.png,
jogo888,https://jogo888brasil.com,jogo888brasil.com,jogo888,assets/logos/jogo888.webp,fetched,img,https://jogo888brasil.com/assets/images/jogo888.png,
jogopg,https://jogopgbrasil.com,jogopgbrasil.com,jogopg,assets/logos/jogopg.webp,fetched,img,https://jogopgbrasil.com/assets/images/jogopg.png,
jogowin,https://jogowin.br.com,jogowin.br.com,jogowin,assets/logos/jogowin.webp,fetched,img,https://jogowin.br.com/assets/images/jogowin.png,
jojobet,https://jojobet.br.com,jojobet.br.com,jojobet,assets/logos/jojobet.webp,fetched,img,https://jojobet.br.com/assets/images/jojobet.png,
jue88,https://jue88brasil.com,jue88brasil.com,jue88,assets/logos/jue88.webp,fetched,img,https://jue88brasil.com/assets/images/jue88.png,
jwin,https://jwinbrasil.com,jwinbrasil.com,jwin,assets/logos/jwin.webp,fetched,img,https://jwinbrasil.com/assets/images/jwin.png,
k11bet,https://k11bet.br.com,k11bet.br.com,k11bet,assets/logos/k11bet.webp,fetched,img,https://k11bet.br.com/assets/images/k11bet.png,
k2bet,https://k2betbrasil.com,k2betbrasil.com,k2bet,assets/logos/k2bet.webp,fetched,og:image,https://k2betbrasil.com/images/k2bet.png,
k55bet,https://k55bet.br.com,k55bet.br.com,k55bet,assets/logos/k55bet.webp,fetched,img,https://k55bet.br.com/assets/images/k55bet.png,
k6bet,https://k6bet.br.com,k6bet.br.com,k6bet,assets/logos/k6bet.svg,fetched,og:image,https://k6bet.br.com/assets/images/site-og.svg,
k77bet,https://k77bet.br.com,k77bet.br.com,k77bet,assets/logos/k77bet.svg,fetched,og:image,https://k77bet.br.com/assets/images/site-og.svg,
k7win,https://k7win.br.com,k7win.br.com,k7win,assets/logos/k7win.svg,fetched,og:image,https://k7win.br.com/assets/images/site-og.svg,
kajogo,https://kajogo.br.com,kajogo.br.com,kajogo,assets/logos/kajogo.webp,fetched,img,https://kajogo.br.com/assets/images/kajogo.png,
kgbet,https://kgbet.br.com,kgbet.br.com,kgbet,assets/logos/kgbet.webp,fetched,img,https://kgbet.br.com/assets/images/kgbet.png,
kissbet,https://kissbet.br.com,kissbet.br.com,kissbet,assets/logos/kissbet.webp,fetched,img,https://kissbet.br.com/assets/images/kissbet.png,
kkgg,https://kkgg.br.com,kkgg.br.com,kkgg,assets/logos/kkgg.webp,fetched,img,https://kkgg.br.com/assets/images/kkgg.png,
kslot,https://kslotbrasil.com,kslotbrasil.com,kslot,assets/logos/kslot.webp,fetched,img,https://kslotbrasil.com/assets/images/kslot.png,
kwbet,https://kwbetbrasil.com,kwbetbrasil.com,kwbet,assets/logos/kwbet.webp,fetched,img,https://kwbetbrasil.com/assets/images/kwbet.png,
leobet,https://leobetbrasil.com,leobetbrasil.com,leobet,assets/logos/leobet.webp,fetched,img,https://leobetbrasil.com/assets/images/leobet.png,
lllbet,https://lllbet.br.com,lllbet.br.com,lllbet,assets/logos/lllbet.webp,fetched,img,https://lllbet.br.com/assets/images/lllbet.png,
lnbet,https://lnbet.br.com,lnbet.br.com,lnbet,assets/logos/lnbet.webp,fetched,img,https://lnbet.br.com/assets/images/lnbet.png,
lobo8888,https://lobo8888brasil.com,lobo8888brasil.com,lobo8888,assets/logos/lobo8888.webp,fetched,img,https://lobo8888brasil.com/assets/images/lobo8888.png,
loto,https://loto.br.com,loto.br.com,loto,assets/logos/loto.webp,fetched,img,https://loto.br.com/assets/images/loto.png,
lotusbet,https://lotusbetbrasil.com,lotusbetbrasil.com,lotusbet,assets/logos/lotusbet.webp,fetched,img,https://lotusbetbrasil.com/assets/images/lotusbet.png,
love777,https://love777.br.com,love777.br.com,love777,assets/logos/love777.webp,fetched,img,https://love777.br.com/assets/images/love777.png,
luck66,https://luck66.br.com,luck66.br.com,luck66,assets/logos/luck66.webp,fetched,img,https://luck66.br.com/assets/images/luck66.png,
luwin,https://luwin.br.com,luwin.br.com,luwin,assets/logos/luwin.webp,fetched,img,https://luwin.br.com/assets/images/luwin.png,
mar777,https://mar777.br.com,mar777.br.com,mar777,assets/logos/mar777.svg,fetched,og:image,https://mar777.br.com/assets/images/site-og.svg,
matbet,https://matbetbrasil.com,matbetbrasil.com,matbet,assets/logos/matbet.webp,fetched,img,https://matbetbrasil.com/assets/images/matbet.png,
maximabet,https://maximabet.br.com,maximabet.br.com,maximabet,assets/logos/maximabet.webp,fetched,img,https://maximabet.br.com/assets/images/maximabet.png,
metbet,https://metbetbrasil.com,metbetbrasil.com,metbet,assets/logos/metbet.webp,fetched,img,https://metbetbrasil.com/assets/images/metbet.png,
minasbet,https://minasbetbrasil.com,minasbetbrasil.com,minasbet,assets/logos/minasbet.webp,fetched,img,https://minasbetbrasil.com/assets/images/minasbet.png,
mixbet,https://mixbetbrasil.com,mixbetbrasil.com,mixbet,assets/logos/mixbet.webp,fetched,img,https://mixbetbrasil.com/images/logo.png,
mmbet,https://mmbetbrasil.com,mmbetbrasil.com,mmbet,assets/logos/mmbet.webp,fetched,img,https://mmbetbrasil.com/assets/images/mmbet.png,
multibet,https://multibet.br.com,multibet.br.com,multibet,assets/logos/multibet.webp,fetched,img,https://multibet.br.com/assets/images/multibet.png,
n19bet,https://n19betbrasil.com,n19betbrasil.com,n19bet,assets/logos/n19bet.webp,fetched,img,https://n19betbrasil.com/assets/images/n19bet.png,
n9bet,https://n9bet.br.com,n9bet.br.com,n9bet,assets/logos/n9bet.webp,fetched,img,https://n9bet.br.com/assets/images/n9bet.png,
net365,https://net365brasil.com,net365brasil.com,net365,assets/logos/net365.webp,fetched,img,https://net365brasil.com/images/logo.png,
niowin,https://niowinbrasil.com,niowinbrasil.com,niowin,assets/logos/niowin.webp,fetched,img,https://niowinbrasil.com/assets/images/niowin.png,
nn555,https://nn555.br.com,nn555.br.com,nn555,assets/logos/nn555.webp,fetched,img,https://nn555.br.com/assets/images/nn555.png,
nn55bet,https://nn55bet.br.com,nn55bet.br.com,nn55bet,assets/logos/nn55bet.webp,fetched,img,https://nn55bet.br.com/assets/images/nn55bet.png,
novabet,https://novabet.br.com,novabet.br.com,novabet,assets/logos/novabet.webp,fetched,img,https://novabet.br.com/assets/images/novabet.png,
novbet,https://novbetbrasil.com,novbetbrasil.com,novbet,assets/logos/novbet.webp,fetched,img,https://novbetbrasil.com/assets/images/novbet.png,
novebet,https://novebetbrasil.com,novebetbrasil.com,novebet,assets/logos/novebet.webp,fetched,img,https://novebetbrasil.com/assets/images/novebet.png,
novobet,https://novobetbrasil.com,novobetbrasil.com,novobet,assets/logos/novobet.webp,fetched,img,https://novobetbrasil.com/img/logo.webp,
noz777,https://noz777brasil.com,noz777brasil.com,noz777,assets/logos/noz777.webp,fetched,img,https://noz777brasil.com/assets/images/noz777.png,
nu777,https://nu777brasil.com,nu777brasil.com,nu777,assets/logos/nu777.webp,fetched,og:image,https://nu777brasil.com/images/nu777_logo.png,
obet,https://obet.br.com,obet.br.com,obet,assets/logos/obet.webp,fetched,img,https://obet.br.com/assets/images/obet.png,
ogjogo,https://ogjogo.br.com,ogjogo.br.com,ogjogo,assets/logos/ogjogo.webp,fetched,img,https://ogjogo.br.com/assets/images/ogjogo.png,
oibet,https://oibetbrasil.com,oibetbrasil.com,oibet,assets/logos/oibet.webp,fetched,img,https://oibetbrasil.com/assets/images/oibet.png,
ok8bet,https://ok8betbrasil.com,ok8betbrasil.com,ok8bet,assets/logos/ok8bet.webp,fetched,img,https://ok8betbrasil.com/assets/images/ok8bet.png,
okkbet,https://okkbet.br.com,okkbet.br.com,okkbet,assets/logos/okkbet.webp,fetched,img,https://okkbet.br.com/assets/images/okkbet.png,
olabet,https://olabetbrasil.com,olabetbrasil.com,olabet,assets/logos/olabet.webp,fetched,img,https://olabetbrasil.com/assets/images/olabet.png,
olabet777,https://olabet777brasil.com,olabet777brasil.com,olabet777,assets/logos/olabet777.webp,fetched,img,https://olabet777brasil.com/assets/images/olabet777.png,
onebet,https://onebet.br.com,onebet.br.com,onebet,assets/logos/onebet.webp,fetched,img,https://onebet.br.com/assets/images/onebet.png,
only777,https://only777brasil.com,only777brasil.com,only777,assets/logos/only777.webp,fetched,img,https://only777brasil.com/assets/images/only777.png,
onw777,https://onw777brasil.com,onw777brasil.com,onw777,assets/logos/onw777.webp,fetched,img,https://onw777brasil.com/img/logo.webp,
oobet,https://oobet.br.com,oobet.br.com,oobet,assets/logos/oobet.webp,fetched,img,https://oobet.br.com/assets/images/oobet.png,
opabet777,https://opabet777brasil.com,opabet777brasil.com,opabet777,assets/logos/opabet777.webp,fetched,img,https://opabet777brasil.com/assets/images/opabet777.png,
own777,https://own777.br.com,own777.br.com,own777,assets/logos/own777.webp,fetched,img,https://own777.br.com/assets/images/own777.png,
ox777,https://ox777brasil.com,ox777brasil.com,ox777,assets/logos/ox777.webp,fetched,img,https://ox777brasil.com/assets/images/ox777.png,
oxe777,https://oxe777brasil.com,oxe777brasil.com,oxe777,assets/logos/oxe777.webp,fetched,img,https://oxe777brasil.com/assets/images/oxe777.png,
pagolbet,https://pagolbet.br.com,pagolbet.br.com,pagolbet,assets/logos/pagolbet.webp,fetched,img,https://pagolbet.br.com/assets/images/pagolbet.png,
pg777,https://pg777brasil.com,pg777brasil.com,pg777,assets/logos/pg777.webp,fetched,img,https://pg777brasil.com/assets/images/pg777.png,
pg888,https://pg888brasil.com,pg888brasil.com,pg888,assets/logos/pg888.webp,fetched,img,https://pg888brasil.com/assets/images/pg888.png,
pg8bet,https://pg8betbrasil.com,pg8betbrasil.com,pg8bet,assets/logos/pg8bet.webp,fetched,img,https://pg8betbrasil.com/assets/images/pg8bet.png,
pgbet,https://pgbet.br.com,pgbet.br.com,pgbet,assets/logos/pgbet.webp,fetched,img,https://pgbet.br.com/assets/images/pgbet.png,
pinbet,https://pinbet.br.com,pinbet.br.com,pinbet,assets/logos/pinbet.svg,fetched,og:image,https://pinbet.br.com/assets/images/site-og.svg,
pixpoker,https://pixpokerbrasil.com,pixpokerbrasil.com,pixpoker,assets/logos/pixpoker.webp,fetched,img,https://pixpokerbrasil.com/images/logo.png,
pop678,https://pop678.br.com,pop678.br.com,pop678,assets/logos/pop678.webp,fetched,img,https://pop678.br.com/assets/images/pop678.png,
pop888,https://pop888brasil.com,pop888brasil.com,pop888,assets/logos/pop888.webp,fetched,img,https://pop888brasil.com/assets/images/pop888.png,
popobet,https://popobet.br.com,popobet.br.com,popobet,assets/logos/popobet.svg,fetched,og:image,https://popobet.br.com/assets/images/site-og.svg,
poppg,https://poppgbrasil.com,poppgbrasil.com,poppg,assets/logos/poppg.webp,fetched,img,https://poppgbrasil.com/assets/images/poppg.png,
ppbet,https://ppbet.br.com,ppbet.br.com,ppbet,assets/logos/ppbet.webp,fetched,img,https://ppbet.br.com/assets/images/ppbet.png,
pttwin,https://pttwinbrasil.com,pttwinbrasil.com,pttwin,assets/logos/pttwin.webp,fetched,og:image,https://pttwinbrasil.com/images/pttwin.png,
pubet,https://pubet.br.com,pubet.br.com,pubet,assets/logos/pubet.webp,fetched,img,https://pubet.br.com/assets/images/pubet.png,
pvpbet,https://pvpbetbrasil.com,pvpbetbrasil.com,pvpbet,assets/logos/pvpbet.webp,fetched,og:image,https://pvpbetbrasil.com/images/pvpbet_logo.png,
q8bet,https://q8betbrasil.com,q8betbrasil.com,q8bet,assets/logos/q8bet.webp,fetched,img,https://q8betbrasil.com/assets/images/q8bet.png,
qbet,https://qbet.br.com,qbet.br.com,qbet,assets/logos/qbet.webp,fetched,img,https://qbet.br.com/assets/images/qbet.png,
qgbet,https://qgbet.br.com,qgbet.br.com,qgbet,assets/logos/qgbet.webp,fetched,img,https://qgbet.br.com/assets/images/qgbet.png,
qrbet,https://qrbet.br.com,qrbet.br.com,qrbet,assets/logos/qrbet.webp,fetched,img,https://qrbet.br.com/assets/images/qrbet.png,
r9bet,https://r9betbrasil.com,r9betbrasil.com,r9bet,assets/logos/r9bet.webp,fetched,img,https://r9betbrasil.com/images/logo.png,
realbet,https://realbet.br.com,realbet.br.com,realbet,assets/logos/realbet.webp,fetched,img,https://realbet.br.com/assets/images/realbet.png,
relsbet,https://relsbetbrasil.com,relsbetbrasil.com,relsbet,assets/logos/relsbet.webp,fetched,img,https://relsbetbrasil.com/assets/images/relsbet.png,
riobet,https://riobetbrasil.com,riobetbrasil.com,riobet,assets/logos/riobet.webp,fetched,img,https://riobetbrasil.com/assets/images/riobet.png,
runwin,https://runwinbrasil.com,runwinbrasil.com,runwin,assets/logos/runwin.webp,fetched,img,https://runwinbrasil.com/img/logo.webp,
s11bet,https://s11bet.br.com,s11bet.br.com,s11bet,assets/logos/s11bet.webp,fetched,img,https://s11bet.br.com/assets/images/s11bet.png,
s5bet,https://s5bet.br.com,s5bet.br.com,s5bet,assets/logos/s5bet.webp,fetched,img,https://s5bet.br.com/assets/images/s5bet.png,
score365,https://score365.br.com,score365.br.com,score365,assets/logos/score365.webp,fetched,img,https://score365.br.com/assets/images/score365.png,
seu777,https://seu777brasil.com,seu777brasil.com,seu777,assets/logos/seu777.webp,fetched,img,https://seu777brasil.com/assets/images/seu777.png,
seuwin,https://seuwin.br.com,seuwin.br.com,seuwin,assets/logos/seuwin.webp,fetched,img,https://seuwin.br.com/assets/images/seuwin.png,
skkbet,https://skkbetbrasil.com,skkbetbrasil.com,skkbet,assets/logos/skkbet.webp,fetched,img,https://skkbetbrasil.com/assets/images/skkbet.png,
slot7k,https://slot7kbrasil.com,slot7kbrasil.com,slot7k,assets/logos/slot7k.webp,fetched,img,https://slot7kbrasil.com/assets/images/slot7k.png,
slotwin,https://slotwinbrasil.com,slotwinbrasil.com,slotwin,assets/logos/slotwin.webp,fetched,img,https://slotwinbrasil.com/assets/images/slotwin.png,
sol777,https://sol777.br.com,sol777.br.com,sol777,assets/logos/sol777.webp,fetched,img,https://sol777.br.com/assets/images/sol777.png,
speedbet,https://speedbet.br.com,speedbet.br.com,speedbet,assets/logos/speedbet.webp,fetched,img,https://speedbet.br.com/assets/images/speedbet.png,
sporbet,https://sporbetbrasil.com,sporbetbrasil.com,sporbet,assets/logos/sporbet.webp,fetched,img,https://sporbetbrasil.com/images/logo.png,
sportebet,https://sportebet.br.com,sportebet.br.com,sportebet,assets/logos/sportebet.webp,fetched,img,https://sportebet.br.com/assets/images/sportebet.png,
spotbet,https://spotbet.br.com,spotbet.br.com,spotbet,assets/logos/spotbet.webp,fetched,img,https://spotbet.br.com/assets/images/spotbet.png,
ssgame,https://ssgamebrasil.com,ssgamebrasil.com,ssgame,assets/logos/ssgame.webp,fetched,img,https://ssgamebrasil.com/assets/images/ssgame.png,
sssgame,https://sssgame.games,sssgame.games,sssgame,assets/logos/sssgame.webp,fetched,img,https://sssgame.games/assets/images/sssgame.png,
sssgames,https://sssgames.br.com,sssgames.br.com,sssgames,assets/logos/sssgames.webp,fetched,img,https://sssgames.br.com/assets/images/sssgames.png,
ssspaga,https://ssspagabrasil.com,ssspagabrasil.com,ssspaga,assets/logos/ssspaga.webp,fetched,img,https://ssspagabrasil.com/assets/images/ssspaga.png,
ssvip,https://ssvip.br.com,ssvip.br.com,ssvip,assets/logos/ssvip.webp,fetched,img,https://ssvip.br.com/assets/images/ssvip.png,
strelabet,https://strelabet.br.com,strelabet.br.com,strelabet,assets/logos/strelabet.webp,fetched,img,https://strelabet.br.com/assets/images/strelabet.png,
strike777,https://strike777brasil.com,strike777brasil.com,strike777,assets/logos/strike777.webp,fetched,img,https://strike777brasil.com/assets/images/strike777.png,
sua777,https://sua777.br.com,sua777.br.com,sua777,assets/logos/sua777.webp,fetched,img,https://sua777.br.com/assets/images/sua777.png,
suabet,https://suabet.br.com,suabet.br.com,suabet,assets/logos/suabet.webp,fetched,img,https://suabet.br.com/assets/images/suabet.png,
sun777,https://sun777.br.com,sun777.br.com,sun777,assets/logos/sun777.webp,fetched,img,https://sun777.br.com/assets/images/sun777.png,
sunjogo,https://sunjogobrasil.com,sunjogobrasil.com,sunjogo,assets/logos/sunjogo.webp,fetched,img,https://sunjogobrasil.com/images/logo.png,
suoerbet,https://suoerbetbrasil.com,suoerbetbrasil.com,suoerbet,assets/logos/suoerbet.webp,fetched,img,https://suoerbetbrasil.com/images/logo.png,
supebet,https://supebetbrasil.com,supebetbrasil.com,supebet,assets/logos/supebet.webp,fetched,img,https://supebetbrasil.com/assets/images/supebet.png,
surpebet,https://surpebetbrasil.com,surpebetbrasil.com,surpebet,assets/logos/surpebet.webp,fetched,img,https://surpebetbrasil.com/assets/images/surpebet.png,
suvpg,https://suvpgbrasil.com,suvpgbrasil.com,suvpg,assets/logos/suvpg.webp,fetched,img,https://suvpgbrasil.com/assets/images/suvpg.png,
t111,https://t111.br.com,t111.br.com,t111,assets/logos/t111.webp,fetched,img,https://t111.br.com/assets/images/t111.png,
taabet,https://taabet.br.com,taabet.br.com,taabet,assets/logos/taabet.webp,fetched,img,https://taabet.br.com/assets/images/taabet.png,
tadabet,https://tadabet.br.com,tadabet.br.com,tadabet,assets/logos/tadabet.webp,fetched,img,https://tadabet.br.com/assets/images/tadabet.png,
ter777,https://ter777.br.com,ter777.br.com,ter777,assets/logos/ter777.webp,fetched,img,https://ter777.br.com/assets/images/ter777.png,
texybet,https://texybetbrasil.com,texybetbrasil.com,texybet,assets/logos/texybet.png,fetched,og:image,https://texybetbrasil.com/images/texybet.png,
tgjogo,https://tgjogo.br.com,tgjogo.br.com,tgjogo,assets/logos/tgjogo.webp,fetched,img,https://tgjogo.br.com/assets/images/tgjogo.png,
tik777,https://tik777brasil.com,tik777brasil.com,tik777,assets/logos/tik777.webp,fetched,og:image,https://tik777brasil.com/images/tik777.png,
timbet,https://timbet.br.com,timbet.br.com,timbet,assets/logos/timbet.webp,fetched,img,https://timbet.br.com/assets/images/timbet.png,
titiwin,https://titiwin.br.com,titiwin.br.com,titiwin,assets/logos/titiwin.webp,fetched,img,https://titiwin.br.com/assets/images/titiwin.png,
today777,https://today777.br.com,today777.br.com,today777,assets/logos/today777.webp,fetched,img,https://today777.br.com/assets/images/today777.png,
tqwin,https://tqwinbrasil.com,tqwinbrasil.com,tqwin,assets/logos/tqwin.webp,fetched,img,https://tqwinbrasil.com/img/logo.webp,
tt99,https://tt99.br.com,tt99.br.com,tt99,assets/logos/tt99.webp,fetched,img,https://tt99.br.com/assets/images/tt99.png,
u7bet,https://u7betbrasil.com,u7betbrasil.com,u7bet,assets/logos/u7bet.webp,fetched,img,https://u7betbrasil.com/assets/images/u7bet.png,
ultrabet,https://ultrabet.br.com,ultrabet.br.com,ultrabet,assets/logos/ultrabet.webp,fetched,img,https://ultrabet.br.com/assets/images/ultrabet.png,
umcassino,https://umcassino.br.com,umcassino.br.com,umcassino,assets/logos/umcassino.webp,fetched,img,https://umcassino.br.com/assets/images/umcassino.png,
unicabet,https://unicabetbrasil.com,unicabetbrasil.com,unicabet,assets/logos/unicabet.webp,fetched,img,https://unicabetbrasil.com/images/logo.png,
upbet,https://upbet.to,upbet.to,upbet,assets/logos/upbet.webp,fetched,img,https://upbet.to/assets/images/upbet.png,
uxbet,https://uxbet.br.com,uxbet.br.com,uxbet,assets/logos/uxbet.webp,fetched,img,https://uxbet.br.com/assets/images/uxbet.png,
vaibet,https://vaibetbrasil.com,vaibetbrasil.com,vaibet,assets/logos/vaibet.webp,fetched,img,https://vaibetbrasil.com/assets/images/vaibet.png,
vaidabet,https://vaidabetbrasil.com,vaidabetbrasil.com,vaidabet,assets/logos/vaidabet.webp,fetched,img,https://vaidabetbrasil.com/assets/images/vaidabet.png,
vertbet,https://vertbetbrasil.com,vertbetbrasil.com,vertbet,assets/logos/vertbet.webp,fetched,img,https://vertbetbrasil.com/assets/images/vertbet.png,
vgbet,https://vgbet.br.com,vgbet.br.com,vgbet,assets/logos/vgbet.webp,fetched,img,https://vgbet.br.com/assets/images/vgbet.png,
viu777,https://viu777.br.com,viu777.br.com,viu777,assets/logos/viu777.webp,fetched,img,https://viu777.br.com/assets/images/viu777.png,
vixbet,https://vixbetbrasil.com,vixbetbrasil.com,vixbet,assets/logos/vixbet.webp,fetched,og:image,https://vixbetbrasil.com/images/vixbet.png,
voj8,https://voj8.br.com,voj8.br.com,voj8,assets/logos/voj8.webp,fetched,img,https://voj8.br.com/assets/images/voj8.png,
voz777,https://voz777brasil.com,voz777brasil.com,voz777,assets/logos/voz777.webp,fetched,img,https://voz777brasil.com/assets/images/voz777.png,
wim2023,https://wim2023brasil.com,wim2023brasil.com,wim2023,assets/logos/wim2023.webp,fetched,img,https://wim2023brasil.com/assets/images/wim2023.png,
wim222,https://wim222.br.com,wim222.br.com,wim222,assets/logos/wim222.webp,fetched,img,https://wim222.br.com/assets/images/wim222.png,
wim444,https://wim444.br.com,wim444.br.com,wim444,assets/logos/wim444.svg,fetched,og:image,https://wim444.br.com/assets/images/site-og.svg,
wim777,https://wim777brasil.com,wim777brasil.com,wim777,assets/logos/wim777.webp,fetched,og:image,https://wim777brasil.com/images/wim777.png,
wim888,https://wim888brasil.com,wim888brasil.com,wim888,assets/logos/wim888.webp,fetched,img,https://wim888brasil.com/assets/images/wim888.png,
wimni,https://wimnibrasil.com,wimnibrasil.com,wimni,assets/logos/wimni.webp,fetched,og:image,https://wimnibrasil.com/images/wimni_logo.png,
win22,https://win22brasil.com,win22brasil.com,win22,assets/logos/win22.webp,fetched,img,https://win22brasil.com/assets/images/win22.png,
win23,https://win23.br.com,win23.br.com,win23,assets/logos/win23.webp,fetched,img,https://win23.br.com/assets/images/win23.png,
win77,https://win77brasil.com,win77brasil.com,win77,assets/logos/win77.webp,fetched,img,https://win77brasil.com/assets/images/win77.png,
win7b,https://win7bbrasil.com,win7bbrasil.com,win7b,assets/logos/win7b.webp,fetched,img,https://win7bbrasil.com/assets/images/win7b.png,
winbet,https://winbet.br.com,winbet.br.com,winbet,assets/logos/winbet.webp,fetched,img,https://winbet.br.com/assets/images/winbet.png,
winmi,https://winmi.br.com,winmi.br.com,winmi,assets/logos/winmi.webp,fetched,img,https://winmi.br.com/assets/images/winmi.png,
winpix,https://winpix.br.com,winpix.br.com,winpix,assets/logos/winpix.webp,fetched,img,https://winpix.br.com/assets/images/winpix.png,
winvip,https://winvipbrasil.com,winvipbrasil.com,winvip,assets/logos/winvip.webp,fetched,img,https://winvipbrasil.com/assets/images/winvip.png,
winxx,https://winxx.br.com,winxx.br.com,winxx,assets/logos/winxx.webp,fetched,img,https://winxx.br.com/assets/images/winxx.png,
wjbet,https://wjbet.br.com,wjbet.br.com,wjbet,assets/logos/wjbet.webp,fetched,img,https://wjbet.br.com/assets/images/wjbet.png,
wjcassino,https://wjcassino.br.com,wjcassino.br.com,wjcassino,assets/logos/wjcassino.svg,fetched,og:image,https://wjcassino.br.com/assets/images/site-og.svg,
x1bet,https://x1betbrasil.com,x1betbrasil.com,x1bet,assets/logos/x1bet.webp,fetched,img,https://x1betbrasil.com/assets/images/x1bet.png,
xlxwin,https://xlxwin.br.com,xlxwin.br.com,xlxwin,assets/logos/xlxwin.svg,fallback,generated-fallback,,https://xlxwin.br.com/favicon.ico: <urlopen error timed out>
xtbet,https://xtbetbrasil.com,xtbetbrasil.com,xtbet,assets/logos/xtbet.webp,fetched,img,https://xtbetbrasil.com/assets/images/xtbet.png,
xwim,https://xwim.br.com,xwim.br.com,xwim,assets/logos/xwim.webp,fetched,img,https://xwim.br.com/assets/images/xwim.png,
xxbet,https://xxbetbrasil.com,xxbetbrasil.com,xxbet,assets/logos/xxbet.webp,fetched,img,https://xxbetbrasil.com/assets/images/xxbet.png,
xxbr,https://xxbrbrasil.com,xxbrbrasil.com,xxbr,assets/logos/xxbr.webp,fetched,img,https://xxbrbrasil.com/assets/images/xxbr.png,
ygjogo,https://ygjogo.br.com,ygjogo.br.com,ygjogo,assets/logos/ygjogo.webp,fetched,img,https://ygjogo.br.com/assets/images/ygjogo.png,
yyslot,https://yyslotbrasil.com,yyslotbrasil.com,yyslot,assets/logos/yyslot.webp,fetched,img,https://yyslotbrasil.com/assets/images/yyslot.png,
yyybet,https://yyybetbrasil.com,yyybetbrasil.com,yyybet,assets/logos/yyybet.webp,fetched,img,https://yyybetbrasil.com/assets/images/yyybet.png,
zbzb,https://zbzb.br.com,zbzb.br.com,zbzb,assets/logos/zbzb.webp,fetched,img,https://zbzb.br.com/assets/images/zbzb.png,
zz66,https://zz66.br.com,zz66.br.com,zz66,assets/logos/zz66.webp,fetched,img,https://zz66.br.com/assets/images/zz66.png,
zz777,https://zz777.br.com,zz777.br.com,zz777,assets/logos/zz777.webp,fetched,img,https://zz777.br.com/assets/images/zz777.png,
zzwin,https://zzwin.br.com,zzwin.br.com,zzwin,assets/logos/zzwin.webp,fetched,img,https://zzwin.br.com/assets/images/zzwin.png,
zzz999,https://zzz999brasil.com,zzz999brasil.com,zzz999,assets/logos/zzz999.webp,fetched,img,https://zzz999brasil.com/assets/images/zzz999.png,
zzzz,https://zzzz.br.com,zzzz.br.com,zzzz,assets/logos/zzzz.webp,fetched,img,https://zzzz.br.com/assets/images/zzzz.png,
